{
 "hw_info": {
  "camera": [
   {
    "focal_length_mm": 25.0,
    "id": "A1",
    "lens": "LENS_COMPUTAR_V2528_MPY",
    "manufacturer": "Lucid",
    "pixel_size_mm": 0.0045,
    "sensor": "SENSOR_IMX428",
    "serial_number": "193500101"
   },
   {
    "focal_length_mm": 25.0,
    "id": "A2",
    "lens": "LENS_COMPUTAR_V2528_MPY",
    "manufacturer": "Lucid",
    "pixel_size_mm": 0.0045,
    "sensor": "SENSOR_IMX428",
    "serial_number": "193500102"
   },
   {
    "focal_length_mm": 25.0,
    "id": "A3",
    "lens": "LENS_COMPUTAR_V2528_MPY",
    "manufacturer": "Lucid",
    "pixel_size_mm": 0.0045,
    "sensor": "SENSOR_IMX428",
    "serial_number": "192900007"
   }
  ],
  "manufacturer": "Light Labs - NJ"
 },
 "module_calibration": [
  {
   "camera_id": "A1",
   "geometry": {
    "distortion": {
     "polynomial": {
      "coeffs": [
       0.021974936702006582,
       0.13513798484346445,
       0.0,
       0.0,
       0.0
      ],
      "distortion_center": {
       "x": 1608.2390918241383,
       "y": 1072.5846978113584
      },
      "normalization": {
       "x": 5578.5,
       "y": 5578.5
      }
     }
    },
    "per_focus_calibration": [
     {
      "extrinsics": {
       "canonical": {
        "rotation": {
         "x00": 1.0,
         "x01": 0.0,
         "x02": 0.0,
         "x10": 0.0,
         "x11": 1.0,
         "x12": 0.0,
         "x20": 0.0,
         "x21": 0.0,
         "x22": 1.0
        },
        "translation": {
         "x": 0.0,
         "y": 0.0,
         "z": 0.0
        }
       }
      },
      "focus_distance": 20000.0,
      "intrinsics": {
       "k_mat": {
        "x00": 5578.5,
        "x01": 0.0,
        "x02": 1608.2390918241383,
        "x10": 0.0,
        "x11": 5578.5,
        "x12": 1072.5846978113584,
        "x20": 0.0,
        "x21": 0.0,
        "x22": 1.0
       }
      }
     }
    ]
   }
  },
  {
   "camera_id": "A2",
   "geometry": {
    "distortion": {
     "polynomial": {
      "coeffs": [
       0.03709553423996991,
       -0.11114302652844284,
       0.0,
       0.0,
       0.0
      ],
      "distortion_center": {
       "x": 1615.8861298285915,
       "y": 1083.2114338260355
      },
      "normalization": {
       "x": 5574.0,
       "y": 5574.0
      }
     }
    },
    "per_focus_calibration": [
     {
      "extrinsics": {
       "canonical": {
        "rotation": {
         "x00": 0.9999988493769482,
         "x01": -0.001512810786029313,
         "x02": -0.00011246468493952949,
         "x10": 0.0015128898251961557,
         "x11": 0.9999986063211196,
         "x12": 0.0007060596258966779,
         "x20": 0.00011139639358220336,
         "x21": -0.0007062289601657406,
         "x22": 0.999999744415717
        },
        "translation": {
         "x": -0.49827273094252555,
         "y": -0.000544388215288863,
         "z": 0.003736525085642286
        }
       }
      },
      "focus_distance": 20000.0,
      "intrinsics": {
       "k_mat": {
        "x00": 5574.0,
        "x01": 0.0,
        "x02": 1615.8861298285915,
        "x10": 0.0,
        "x11": 5574.0,
        "x12": 1083.2114338260355,
        "x20": 0.0,
        "x21": 0.0,
        "x22": 1.0
       }
      }
     }
    ]
   }
  },
  {
   "camera_id": "A3",
   "geometry": {
    "distortion": {
     "polynomial": {
      "coeffs": [
       0.03494668122318313,
       -0.1483249348790276,
       0.0,
       0.0,
       0.0
      ],
      "distortion_center": {
       "x": 1603.4327305832976,
       "y": 1089.9976211943151
      },
      "normalization": {
       "x": 5573.0,
       "y": 5573.0
      }
     }
    },
    "per_focus_calibration": [
     {
      "extrinsics": {
       "canonical": {
        "rotation": {
         "x00": 0.9999996421053735,
         "x01": 0.0002528598914881993,
         "x02": 0.0008073729002672828,
         "x10": -0.00025414074927055356,
         "x11": 0.9999987088287041,
         "x12": 0.0015867430176881886,
         "x20": -0.0008069706341432936,
         "x21": -0.0015869476361552051,
         "x22": 0.9999984151965421
        },
        "translation": {
         "x": 0.3788073400422133,
         "y": -0.00023865534941793138,
         "z": 0.0014495369072186231
        }
       }
      },
      "focus_distance": 20000.0,
      "intrinsics": {
       "k_mat": {
        "x00": 5573.0,
        "x01": 0.0,
        "x02": 1603.4327305832976,
        "x10": 0.0,
        "x11": 5573.0,
        "x12": 1089.9976211943151,
        "x20": 0.0,
        "x21": 0.0,
        "x22": 1.0
       }
      }
     }
    ]
   }
  }
 ]
}