{
 "hw_info": {
  "camera": [
   {
    "focal_length_mm": 35.0,
    "id": "A1",
    "lens": "LENS_COMPUTAR_V3528_MPY",
    "manufacturer": "Lucid",
    "pixel_size_mm": 0.0045,
    "sensor": "SENSOR_IMX420",
    "serial_number": "194000202"
   },
   {
    "focal_length_mm": 35.0,
    "id": "A2",
    "lens": "LENS_COMPUTAR_V3528_MPY",
    "manufacturer": "Lucid",
    "pixel_size_mm": 0.0045,
    "sensor": "SENSOR_IMX420",
    "serial_number": "193900403"
   },
   {
    "focal_length_mm": 35.0,
    "id": "A3",
    "lens": "LENS_COMPUTAR_V3528_MPY",
    "manufacturer": "Lucid",
    "pixel_size_mm": 0.0045,
    "sensor": "SENSOR_IMX420",
    "serial_number": "194000200"
   }
  ],
  "manufacturer": "Light Labs - NJ - NOT CALIBRATED"
 },
 "module_calibration": [
  {
   "camera_id": "A1",
   "geometry": {
    "distortion": {
     "polynomial": {
      "coeffs": [
       0.02753964163881559,
       0.026408426689654776,
       0.0,
       0.0,
       0.0
      ],
      "distortion_center": {
       "x": 1623.415834442927,
       "y": 1087.956457542952
      },
      "normalization": {
       "x": 5571.05,
       "y": 5571.05
      }
     }
    },
    "per_focus_calibration": [
     {
      "extrinsics": {
       "canonical": {
        "rotation": {
         "x00": 1.0,
         "x01": 0.0,
         "x02": 0.0,
         "x10": 0.0,
         "x11": 1.0,
         "x12": 0.0,
         "x20": 0.0,
         "x21": 0.0,
         "x22": 1.0
        },
        "translation": {
         "x": 0.0,
         "y": 0.0,
         "z": 0.0
        }
       }
      },
      "focus_distance": 20000.0,
      "intrinsics": {
       "k_mat": {
        "x00": 5571.05,
        "x01": 0.0,
        "x02": 1623.415834442927,
        "x10": 0.0,
        "x11": 5571.05,
        "x12": 1087.956457542952,
        "x20": 0.0,
        "x21": 0.0,
        "x22": 1.0
       }
      }
     }
    ]
   }
  },
  {
   "camera_id": "A2",
   "geometry": {
    "distortion": {
     "polynomial": {
      "coeffs": [
       0.03589847271492563,
       -0.02479587045985112,
       0.0,
       0.0,
       0.0
      ],
      "distortion_center": {
       "x": 1602.398236236144,
       "y": 1083.0886740249514
      },
      "normalization": {
       "x": 5572.91,
       "y": 5572.91
      }
     }
    },
    "per_focus_calibration": [
     {
      "extrinsics": {
       "canonical": {
        "rotation": {
         "x00": 0.9999581303646639,
         "x01": 0.0031523317367975682,
         "x02": 0.008590711392374783,
         "x10": -0.003097750890736842,
         "x11": 0.9999749807401151,
         "x12": -0.006359389375186613,
         "x20": -0.0086105433640879,
         "x21": 0.0063325112260047434,
         "x22": 0.9999428772907719
        },
        "translation": {
         "x": -0.5006654608533481,
         "y": 0.0004950880409594338,
         "z": 0.0014449588682901122
        }
       }
      },
      "focus_distance": 20000.0,
      "intrinsics": {
       "k_mat": {
        "x00": 5572.91,
        "x01": 0.0,
        "x02": 1602.398236236144,
        "x10": 0.0,
        "x11": 5572.91,
        "x12": 1083.0886740249514,
        "x20": 0.0,
        "x21": 0.0,
        "x22": 1.0
       }
      }
     }
    ]
   }
  },
  {
   "camera_id": "A3",
   "geometry": {
    "distortion": {
     "polynomial": {
      "coeffs": [
       0.033282862096615635,
       -0.022903619261760485,
       0.0,
       0.0,
       0.0
      ],
      "distortion_center": {
       "x": 1601.3648563808592,
       "y": 1096.0093292936922
      },
      "normalization": {
       "x": 5576.34,
       "y": 5576.34
      }
     }
    },
    "per_focus_calibration": [
     {
      "extrinsics": {
       "canonical": {
        "rotation": {
         "x00": 0.9999996209942066,
         "x01": 0.0004450271956860572,
         "x02": 0.0007483062463236361,
         "x10": -0.0004481253649842619,
         "x11": 0.9999913082764763,
         "x12": 0.004145184574746534,
         "x20": -0.0007464550223857353,
         "x21": -0.004145518338707319,
         "x22": 0.9999911287019515
        },
        "translation": {
         "x": 0.3814115532078869,
         "y": 0.00039609532263815736,
         "z": -0.002334374335685647
        }
       }
      },
      "focus_distance": 20000.0,
      "intrinsics": {
       "k_mat": {
        "x00": 5576.34,
        "x01": 0.0,
        "x02": 1601.3648563808592,
        "x10": 0.0,
        "x11": 5576.34,
        "x12": 1096.0093292936922,
        "x20": 0.0,
        "x21": 0.0,
        "x22": 1.0
       }
      }
     }
    ]
   }
  }
 ]
}