{
 "hw_info": {
  "camera": [
   {
    "focal_length_mm": 25.0,
    "id": "A1",
    "lens": "LENS_COMPUTAR_V2528_MPY",
    "manufacturer": "Lucid",
    "pixel_size_mm": 0.0045,
    "sensor": "SENSOR_IMX420",
    "serial_number": "194000203"
   },
   {
    "focal_length_mm": 25.0,
    "id": "A2",
    "lens": "LENS_COMPUTAR_V2528_MPY",
    "manufacturer": "Lucid",
    "pixel_size_mm": 0.0045,
    "sensor": "SENSOR_IMX420",
    "serial_number": "193900404"
   },
   {
    "focal_length_mm": 25.0,
    "id": "A3",
    "lens": "LENS_COMPUTAR_V2528_MPY",
    "manufacturer": "Lucid",
    "pixel_size_mm": 0.0045,
    "sensor": "SENSOR_IMX420",
    "serial_number": "194000199"
   }
  ],
  "manufacturer": "Light Labs - NJ"
 },
 "module_calibration": [
  {
   "camera_id": "A1",
   "geometry": {
    "distortion": {
     "polynomial": {
      "coeffs": [
       0.0332762804145525,
       0.11063454639189231,
       0.0,
       0.0,
       0.0
      ],
      "distortion_center": {
       "x": 1621.5560160110947,
       "y": 1072.3500687049705
      },
      "normalization": {
       "x": 5741.6633490964305,
       "y": 5741.6633490964305
      }
     }
    },
    "per_focus_calibration": [
     {
      "extrinsics": {
       "canonical": {
        "rotation": {
         "x00": 1.0,
         "x01": 0.0,
         "x02": 0.0,
         "x10": 0.0,
         "x11": 1.0,
         "x12": 0.0,
         "x20": 0.0,
         "x21": 0.0,
         "x22": 1.0
        },
        "translation": {
         "x": 0.0,
         "y": 0.0,
         "z": 0.0
        }
       }
      },
      "focus_distance": 20000.0,
      "intrinsics": {
       "k_mat": {
        "x00": 5741.6633490964305,
        "x01": 0.0,
        "x02": 1621.5560160110947,
        "x10": 0.0,
        "x11": 5741.6633490964305,
        "x12": 1072.3500687049705,
        "x20": 0.0,
        "x21": 0.0,
        "x22": 1.0
       }
      }
     }
    ]
   }
  },
  {
   "camera_id": "A2",
   "geometry": {
    "distortion": {
     "polynomial": {
      "coeffs": [
       0.04372837553807429,
       0.0317526894504634,
       0.0,
       0.0,
       0.0
      ],
      "distortion_center": {
       "x": 1600.2884272225454,
       "y": 1070.1684863226133
      },
      "normalization": {
       "x": 5748.354960568816,
       "y": 5748.354960568816
      }
     }
    },
    "per_focus_calibration": [
     {
      "extrinsics": {
       "canonical": {
        "rotation": {
         "x00": 0.9999442618124518,
         "x01": 0.0072134165342463644,
         "x02": 0.007709726989605247,
         "x10": -0.0071925417427090525,
         "x11": 0.9999704016011677,
         "x12": -0.0027318976698897882,
         "x20": -0.007729205109852776,
         "x21": 0.0026762928656674677,
         "x22": 0.9999665478629107
        },
        "translation": {
         "x": -0.49980664344020936,
         "y": 0.0024434786397838125,
         "z": 0.007437418900082789
        }
       }
      },
      "focus_distance": 20000.0,
      "intrinsics": {
       "k_mat": {
        "x00": 5748.354960568816,
        "x01": 0.0,
        "x02": 1600.2884272225454,
        "x10": 0.0,
        "x11": 5748.354960568816,
        "x12": 1070.1684863226133,
        "x20": 0.0,
        "x21": 0.0,
        "x22": 1.0
       }
      }
     }
    ]
   }
  },
  {
   "camera_id": "A3",
   "geometry": {
    "distortion": {
     "polynomial": {
      "coeffs": [
       0.03616207076844313,
       0.0667317867854217,
       0.0,
       0.0,
       0.0
      ],
      "distortion_center": {
       "x": 1600.4969247717463,
       "y": 1078.823226067691
      },
      "normalization": {
       "x": 5732.294402904886,
       "y": 5732.294402904886
      }
     }
    },
    "per_focus_calibration": [
     {
      "extrinsics": {
       "canonical": {
        "rotation": {
         "x00": 0.9999999047756005,
         "x01": -0.0004133638038689811,
         "x02": 0.00013992553588366657,
         "x10": 0.0004131420819655632,
         "x11": 0.999998665020715,
         "x12": 0.001580908095988782,
         "x20": -0.00014057883927008567,
         "x21": -0.001580850136320544,
         "x22": 0.9999987405744252
        },
        "translation": {
         "x": 0.3800888945918331,
         "y": -0.0002463342340855842,
         "z": -0.014516746148268516
        }
       }
      },
      "focus_distance": 20000.0,
      "intrinsics": {
       "k_mat": {
        "x00": 5732.294402904886,
        "x01": 0.0,
        "x02": 1600.4969247717463,
        "x10": 0.0,
        "x11": 5732.294402904886,
        "x12": 1078.823226067691,
        "x20": 0.0,
        "x21": 0.0,
        "x22": 1.0
       }
      }
     }
    ]
   }
  }
 ]
}